AVG_LOG2_H4_H3,VAR_LOG2_H4_H3,MAX_MIN_DIFF_LOG2_H4_H3,QTL_SOURCE_OF_MAX_LOG2_H4_H3
11.319791445971903,0.007261213034780667,0.18130550835397585,PhLiPS
