ny,nn,avg_y,avg_n,tscore
13,12,2.483727790159549,2.9152014129455073,-7.7645071774861405
