AVG_LOG2_H4_H3,VAR_LOG2_H4_H3,MAX_MIN_DIFF,RIGHT_STUDY_OF_MAX
11.319791445971903,0.007261213034780667,0.18130550835397585,PhLiPS
