STATE_ABBREVIATION,TOTAL_MEDIAN_INCOME_CHANGE,TOTAL_ADJUSTED_NON_LABOR_FORCE,AVG_POPULATION_ADJUSTED_PROPORTION
WY,442048.0,149782.0,0.2625292706147265
ND,1119503.0,161287.0,0.23666828783758728
VT,864329.0,168333.0,0.28011170136298
