country_name,TOTAL_LONG_TERM_EXTERNAL_DEBT
Brazil,9.316572339231398E12
China,8.784940555034499E12
Russian Federation,7.967031710515299E12
Mexico,7.1482364965894E12
India,6.5630664633451E12
Indonesia,5.404351473897301E12
Turkey,5.314321743200199E12
Argentina,3.7842644141758003E12
"Venezuela, RB",2.3684114693068E12
Thailand,2.0825525189359E12
