ref_base,min_start,max_start,proportion_at_min,proportion_at_max
AT,29784267,138735543,0.007042,0.007042
TA,29816555,138696638,0.008696,0.008696
