GEO_ID,POP_2011,POP_2018,POP_PCT_CHANGE,INCOME_2011,INCOME_2018,INCOME_ABS_CHANGE
36047055500,2177.0,6877.0,215.89343132751492,72330.0,140845.0,68515.0
36047051500,1321.0,2289.0,73.2778198334595,81685.0,143000.0,61315.0
36047003300,2383.0,3705.0,55.476290390264374,83688.0,137109.0,53421.0
