RETURN_MONTH,RETURN_PROPORTION
2020-02,0.000000
2020-03,0.016064
2020-04,0.004016
2020-05,0.008032
2020-06,0.020080
2020-07,0.004016
2020-08,0.008032
2020-09,0.012048
2020-10,0.008032
2020-11,0.024096
2020-12,0.012048
