AVG_LOG2_H4_H3,VAR_LOG2_H4_H3,MAX_MIN_DIFF_LOG2_H4_H3,QTL_SOURCE_OF_MAX_LOG2_H4_H3
11.319791445971907,0.007261394125942207,0.18130550835397585,PhLiPS
