highway_type,total_length_m
residential,159762.6374431638
path,74201.2879725129
track,41612.649831174145
service,35481.3732864406
tertiary,25192.234902300475
