month,avg_purchase_pageviews,avg_non_purchase_pageviews
201706,25.735763,4.074560
201707,27.720954,4.191841
