avg_repetition_time,avg_echo_time,avg_slice_thickness,combined_overall_average
4448.666666666667,85.94859813084112,3.051869158061494,4537.66713395557
