CITY,EPA_PM25_1990,OPENAQ_PM25_2020,PM25_DIFFERENCE
Not in a city,14.813959891304346,6.0,8.813959891304346
Not in a city,11.873345353535353,7.0,4.873345353535353
Not in a city,8.179545757575758,3.5,4.679545757575758
