STATE,TOTAL_CLAIM_COUNT,TOTAL_DRUG_COST
CA,3728200,3.5349279620000005E7
FL,2690538,2.1206005160000004E7
NY,2609790,2.1224976189999998E7
TX,2213136,1.7640628419999998E7
PA,1762418,1.4368635479999999E7
