country_name,TOTAL_LONG_TERM_EXTERNAL_DEBT
Bangladesh,3.0687186896799995E10
Vietnam,2.61237760672E10
Belarus,1.7695408813600002E10
India,1.5805531554399998E10
China,9.619395307199999E9
Kenya,6.4227673272E9
Pakistan,6.396360096E9
Ethiopia,5.748645716799999E9
Nigeria,5.3741831752E9
Turkey,4.8222627152E9
