AVG_REPETITION_TIME,AVG_ECHO_TIME,AVG_SLICE_THICKNESS,COMBINED_OVERALL_AVERAGE
4448.666666666667,85.94859813084112,3.051869158061494,4537.66713395557
