badge_name,user_count,avg_days_to_badge
Famous Question,418854,1635.123870896611
Fanatic,27621,863.241119952283
Great Answer,25007,1969.960436485864
Unsung Hero,21079,825.649010296741
Electorate,12124,1242.400956489855
Populist,10928,1716.406522696193
Publicist,2748,2409.163286494541
Steward,1566,1200.826644293742
Great Question,714,883.808788443978
Copy Editor,344,751.481998319767
