YEAR,MONTH,TRANSACTION_COUNT,TRANSACTIONS_PER_SECOND
2023,7,259562,0.096909
2023,9,211259,0.081504
2023,11,199254,0.076873
