PLOT_TYPE,YEAR,STATE,AVERAGE_SIZE
macroplot,2015,California,4937.295863300523
subplot,2015,Wyoming,7634.419129440116
macroplot,2016,California,5128.199385365012
subplot,2016,Alaska,15679.879103970125
macroplot,2017,California,5043.9370607363635
subplot,2017,Wyoming,6284.792518170388
