SeriesInstanceUID,SeriesNumber,PatientID,series_size_mib
1.3.6.1.4.1.14519.5.2.1.3023.4024.516385546787261837605313262948,3,TCGA-QQ-A5V2,45.852354
1.3.6.1.4.1.14519.5.2.1.3320.3273.251546196874601864031101642989,2,C3N-05630,36.055716
1.3.6.1.4.1.14519.5.2.1.3320.3273.208769029916232937521564224777,2,C3N-03420,34.051920
1.3.6.1.4.1.14519.5.2.1.3320.3273.387196718454503935918643534434,2,C3N-02672,32.048864
1.3.6.1.4.1.14519.5.2.1.1706.4016.232273876961263938359400006495,7,TCGA-G2-A2EL,30.744329
