browser,AVG_SESSION_DURATION_SECONDS
IE,24344.163455344070
Other,24405.214604629303
Safari,24483.393353105245
