block_number,source_address,destination_address,transfer_amount
26554348,41517591d35d313bf6a5e33098284502b045e2bc08,4166426c7ac3d98b29191063833345b6bc540d7278,400000000.000000
26554338,410000000000000000000000000000000000000000,41517591d35d313bf6a5e33098284502b045e2bc08,400000000.000000
26555926,411b5b904a1c9d2c57e4c22c94c9b775152be66dfe,41f41ee1a3e3a18e2aa250ae9c1e490292985f86ba,200000000.000000
