CATEGORY,GOOGLE_HIRING_PCT,GOOGLE_REPRESENTATION_PCT,BLS_TECH_SECTOR_PCT
Asian,0.428,0.423,0.24026776470588235
Black,0.088,0.044,0.07110682352941178
Hispanic/Latinx,0.088,0.064,0.08147435294117647
U.S. Men,0.669,0.678,0.7013576470588235
U.S. Women,0.331,0.322,0.29864235294117647
White,0.445,0.504,0.659572705882353
