USERNAME,SCORE_DIFFERENCE
cdeotte,29032.228992
hengck23,18442.228992
mpwolke,15999.228992
