state_abbreviation,total_median_income_change,total_adjusted_non_labor_force,avg_proportion
WY,442048.0,149782.0,0.2625292706147265
ND,1119503.0,161287.0,0.23666828783758728
VT,864329.0,168333.0,0.28011170136298
