mirna_id,t_statistic
hsa-mir-1193,7.513351012014407
hsa-mir-25,2.9696181814668843
hsa-mir-3133,1.7964815995634955
hsa-mir-590,1.94952458823451
hsa-mir-92a-1,-1.7336683578157321
hsa-mir-937,3.7445781860741545
