MONTH,AVG_PAGEVIEWS_PURCHASE,AVG_PAGEVIEWS_NON_PURCHASE
201706,25.735763,4.074560
201707,27.720954,4.191841
