zip_code,HOUR,TRIP_COUNT,TRIPS_1H_AGO,TRIPS_24H_AGO,TRIPS_168H_AGO,TRIPS_336H_AGO,MA_14D_EXCL,SD_14D_EXCL,MA_21D_EXCL,SD_21D_EXCL
10016,1,2011,1730,412,299,431,798.053571,444.95518820438537,856.787698,460.40278476785954
10003,0,1809,1353,1258,701,1551,842.544643,490.54846347328413,899.734127,497.1237477952547
10016,2,1752,2011,250,238,231,802.755952,449.3912831130573,859.932540,462.86109477250295
10016,0,1730,1043,647,408,1001,795.883929,442.1659595005025,854.912698,458.7608778644927
10022,1,1673,1392,310,374,513,843.446429,505.7002210193308,902.416667,515.9207841006214
