year,month,sum_of_abs_differences
2010,7,13.012486336824974
2010,8,13.060040025516702
2010,6,13.407039343874718
