STATE,TOTAL_CLAIM_COUNT,TOTAL_DRUG_COST
CA,3728200,3.534927962E7
FL,2690538,2.1206005159999996E7
NY,2609790,2.122497619E7
TX,2213136,1.7640628419999998E7
PA,1762418,1.4368635479999999E7
