state,total_claim_count,total_drug_cost
CA,3725846,3.507353487E7
FL,2689327,2.104605119E7
NY,2606392,2.072928125E7
TX,2212275,1.75135237E7
PA,1760543,1.412121274E7
