STATION_ID,STATION_NAME,GROUP_TRIP_COUNT,TOTAL_TRIPS_ENDING,GROUP_RIDE_PROPORTION
3181,3181,792,2411,0.328494
3182,3182,2631,8674,0.30332
3254,Soissons Landing,1521,5859,0.259601
2006,Central Park S & 6 Ave,28709,170829,0.168057
3257,3257,26,195,0.133333
3180,3180,1239,10513,0.117854
3326,Clinton St & Centre St,10,127,0.07874
3300,Prospect Park West & 8 St,99,1269,0.078014
281,Grand Army Plaza & Central Park S,10150,158457,0.064055
3165,Central Park West & W 72 St,2516,41461,0.060684
