AVG_2019,AVG_2020,PCT_CHANGE
0.053108,0.357654,573.45
