ZIP_CODE,HOUR,TRIP_COUNT,TRIPS_1_HOUR_AGO,TRIPS_24_HOURS_AGO,TRIPS_168_HOURS_AGO,TRIPS_336_HOURS_AGO,MOVING_AVG_14DAY,MOVING_AVG_21DAY,MOVING_STDDEV_14DAY,MOVING_STDDEV_21DAY
10019,12,1277,1127,,,,799.333,799.333,336.57535515393874,336.57535515393874
10019,13,1248,1277,,,,836.076,836.076,348.4162887351853,348.4162887351853
10036,17,1245,1237,,,,772.705,772.705,256.98559412542954,256.98559412542954
10036,16,1237,808,,,,743.687,743.687,234.89337119850785,234.89337119850785
10019,10,1197,1147,,,,726.800,726.800,321.10877353943476,321.10877353943476
