item_number,item_description,sales_2022,sales_2023,yoy_growth_percent
74782,JACK DANIELS WINTER JACK,170.61,141523.2000,82851.29242131177
84155,99 CHERRIES MINI,594.0,86373.0000,14440.909090909088
64319,THE BUTTERFLY CANNON ROSA FLAVORED TEQUILA,57.6,7626.2400,13139.999999999998
38073,STATE VODKA,97.5,5833.4000,5882.974358974358
902421,SOOH EL TESORO ANEJO,360.0,19800.0000,5400.0
