reference_name,start,end,reference_bases,alternate_bases,VT,CHI_SQUARED,TOTAL_GENOTYPES,OBS_HOM_REF,OBS_HET,OBS_HOM_ALT,EXP_HOM_REF,EXP_HET,EXP_HOM_ALT,ALLELE_FREQ,EUR_AF,ASN_AF,AFR_AF,AMR_AF
17,41217379,41217380,A,G,SNP,2.330185800428,1092,1060,31,1,1059.249076813200,32.501606373600,0.249316813200,0.02,,,0.06,0.01
17,41243712,41243713,C,T,SNP,0.000229098982,1092,1091,1,0,1090.999957062288,0.999813875424,0.000229062288,5.0E-4,0.0013,,,
