highway_type,total_length_m
residential,159762.63744316378
path,74201.28797251289
track,41612.649831174145
service,35481.37328644062
tertiary,25192.23490230047
