STATE_ABBREVIATION,TOTAL_MEDIAN_INCOME_CHANGE,TOTAL_ADJUSTED_NON_LABOR_FORCE,AVG_PROPORTION
WY,442048.0,149782.0,0.2625292706147265
ND,1119503.0,161287.0,0.23666828783758728
DC,2033926.0,166472.0,0.26034697626976777
