gene_name,fpkm_uq_unstranded_variance
MT-CO1,5296967.315568279
MT-CO3,2693047.5013987124
MT-ND4,2400947.115236163
SAA1,2068872.5007008929
MT-ND3,1811527.381224354
