year,month,SUM_OF_ABSOLUTE_DIFFERENCES
2013,6,12.628474448897794
2013,7,12.630820201436062
2012,7,12.88414043804686
