ABERRATION_TYPE,CORRELATION_COEFFICIENT,P_VALUE,N_CHROMOSOMES
Amplification,0.2463763032585607,0.2610494220313735,23
Gain,-0.003062179011287254,0.989203737407742,23
Heterozygous Deletion,0.17896773092607607,0.40724495165885366,24
Homozygous Deletion,-0.7417224632087468,0.019472213095641483,9
