YEAR,PEARSON_CORRELATION
2016,0.130898
2017,0.090654
2018,0.077497
