NY,NN,AVG_Y,AVG_N,VAR_Y,VAR_N,TSCORE
13,12,2.4837277901595494,2.9152014129455055,0.033421671156480905,0.0062055183708790455,-7.764507177485497
