STATE_ABBREVIATION,TOTAL_MEDIAN_INCOME_CHANGE,TOTAL_ADJUSTED_NON_LABOR_FORCE,AVG_ADJUSTED_PROPORTION
WY,442048.0,149782.0,0.2625292706147264
ND,1119503.0,161287.0,0.2366682878375872
DC,2033926.0,166472.0,0.26034697626976766
