year,month,SUM_OF_DIFF
2010,7,13.01248633682495
2010,8,13.060040025516692
2010,6,13.407039343874704
