USERTYPE,AVG_TEMPERATURE,AVG_PRECIPITATION,AVG_WIND_SPEED
Customer,56.66690629647992,0.08788299454635598,4.111279127416957
