MONTH,SESSION_GROUP,AVG_PAGEVIEWS_PER_VISITOR
2017-04,non_purchase,3.979816
2017-04,purchase,25.889655
2017-05,non_purchase,4.446640
2017-05,purchase,23.611374
2017-06,non_purchase,4.074560
2017-06,purchase,25.735763
2017-07,non_purchase,4.191841
2017-07,purchase,27.720954
