PLOT_TYPE,YEAR,STATE,AVG_SIZE
macroplot,2015,California,4409.076088809224
subplot,2015,Wyoming,7178.467248413406
macroplot,2016,California,4713.8362643638075
subplot,2016,Wyoming,6723.112831358338
macroplot,2017,California,4635.1420348291285
subplot,2017,New Mexico,5854.159771799577
