BOARD_TYPE,AVERAGE_SCORE
L,34.16923076923077
M,28.181818181818183
S,20.471182412358882
