BOARD_TYPE,AVG_SCORE
L,34.169231
M,28.181818
S,20.471182
