player_name,avg_runs_per_match,batting_average
CH Gayle,52.357143,61.083333
KP Pietersen,38.125000,61.000000
S Dhawan,37.933333,47.416667
CL White,36.846154,43.545455
SR Watson,36.428571,42.500000
