borough,tree_count,avg_mean_income
Queens,256056,79312.572258
Brooklyn,184711,73675.976969
Staten Island,106374,94029.327834
