prod_id,prod_name,SHARE_2019,SHARE_2020,SHARE_CHANGE
28,English Willow Cricket Bat,0.009944944176339935,0.035448214617449986,0.025503270441110053
130,Pro Maple Youth Bat,0.03509765475315133,0.025552768706100445,-0.009544886047050886
14,Pitching Machine and Batting Cage Combo,0.09521898126402403,0.07796884753939409,-0.01725013372462994
21,Speed Trainer Bats and Training Program,0.09026325948918472,0.05155203462607131,-0.03871122486311341
