AVG_TOTAL_LTV,AVG_PCT_FIRST_7_DAYS,AVG_PCT_FIRST_30_DAYS
112.54843071786313,9.379642980279428,24.75879625951153
