attribute_type,avg_pct_change
demographic,-2.008666666667
age_band,-1.867875000000
customer_type,-1.419533333333
region,-1.108928571429
platform,2.374250000000
