RFM_SEGMENT,AVERAGE_SALES_PER_ORDER
Can't Lose Them,378.54751595483555
Loyal Customers,303.1295725090431
Potential Loyalists,235.15194998109436
Champions,156.11821456538763
Hibernating,149.77273095030512
Needs Attention,133.99798132864294
Recent Users,131.8612017460101
Lost,59.760432785726906
About to Sleep,54.0111757493188
Price Sensitive,53.67978493050476
Promising,39.55741055184961
