rfm_segment,average_sales_per_order
Can't Lose Them,377.85645011032113
Loyal Customers,303.68702613841856
Potential Loyalists,235.09408045356372
Champions,156.11821456538763
Hibernating,149.70438332752005
Needs Attention,134.08760265618648
Recent Users,131.80777247956405
Lost,59.72696220416814
About to Sleep,54.006559945504094
Price Sensitive,53.67502196836555
Promising,39.57271900575932
