prod_id,prod_name,SHARE_2019,SHARE_2020,SHARE_CHANGE
28,English Willow Cricket Bat,0.009944944176339936,0.03544821461744998,0.025503270441110042
130,Pro Maple Youth Bat,0.03509765475315134,0.02555276870610046,-0.00954488604705088
14,Pitching Machine and Batting Cage Combo,0.09521898126402405,0.07796884753939408,-0.017250133724629968
21,Speed Trainer Bats and Training Program,0.09026325948918475,0.05155203462607132,-0.03871122486311342
