prod_id,prod_name,SHARE_2019,SHARE_2020,SHARE_CHANGE
130,Pro Maple Youth Bat,0.035097654753151325,0.025552768706100463,-0.009544886047050862
