YEAR_NUMBER,RETENTION_RATE
1,0.980908
2,0.771882
3,0.767171
4,0.682866
5,0.678155
6,0.575254
7,0.573518
8,0.498636
9,0.494917
10,0.434416
11,0.429209
12,0.355815
13,0.351847
14,0.305976
15,0.301017
16,0.258616
17,0.256881
18,0.212497
19,0.209273
20,0.175304
