CALENDAR_MONTH_NUMBER,AVG_PROJECTED_USD_SALES
1,4054.9943250241085
2,2402.890174199839
3,2888.4775991276606
4,1474.104029476533
5,2904.7134991887374
6,1440.353931605308
7,1600.1336172408344
8,1392.5971410067116
9,2702.5017872409767
10,2218.773458797572
11,3208.9430007968376
12,3062.6643679549256
