prod_id,prod_name,SHARE_2019,SHARE_2020,SHARE_CHANGE
28,English Willow Cricket Bat,0.009944944176339933,0.03544821461745,0.025503270441110067
130,Pro Maple Youth Bat,0.03509765475315133,0.025552768706100452,-0.00954488604705088
14,Pitching Machine and Batting Cage Combo,0.095218981264024,0.07796884753939412,-0.017250133724629885
21,Speed Trainer Bats and Training Program,0.09026325948918473,0.05155203462607133,-0.0387112248631134
