rfm_segment,average_sales_per_order
Can't Lose Them,377.32615933120235
Loyal Customers,302.9616737915159
Potential Loyalists,235.19739994598976
Champions,156.43259230164963
Hibernating,149.96222919499354
Needs Attention,133.96767441860464
Recent Users,131.84278443113772
Lost,59.70502739968182
About to Sleep,54.00074730669576
Price Sensitive,53.65232425307557
Promising,39.57378452200303
