year,sales_before,sales_after,pct_change
2018,2119669585,2115732898,-0.185700
2019,2257925201,2237175841,-0.919000
2020,2345878357,2318994169,-1.146000
