YEAR_NUMBER,COHORT_SIZE,RETAINED_COUNT,RETENTION_RATE
1,4033,3956,0.980908
2,4033,3113,0.771882
3,4033,3094,0.767171
4,4033,2754,0.682866
5,4033,2735,0.678155
6,4033,2320,0.575254
7,4033,2313,0.573518
8,4033,2011,0.498636
9,4033,1996,0.494917
10,4033,1752,0.434416
11,4033,1731,0.429209
12,4033,1435,0.355815
13,4033,1419,0.351847
14,4033,1234,0.305976
15,4033,1214,0.301017
16,4033,1043,0.258616
17,4033,1036,0.256881
18,4033,857,0.212497
19,4033,844,0.209273
20,4033,707,0.175304
