product_id,average_units_picked
4280,36.666666666666664
6520,23.333333333333332
