month,total_max_rolling_avg
2020-02,299784.6666666663
2020-03,337746.3666666666
2020-04,319296.1666666668
