borough,tree_count,avg_mean_income
Queens,252846,79366.73841785119
Brooklyn,177132,73555.19098751213
Staten Island,106374,94029.32783386917
