year_number,legislators_retained,total_cohort,retention_rate
0,4021,4033,0.997025
1,3956,4033,0.980908
2,3113,4033,0.771882
3,3094,4033,0.767171
4,2754,4033,0.682866
5,2735,4033,0.678155
6,2320,4033,0.575254
7,2313,4033,0.573518
8,2011,4033,0.498636
9,1996,4033,0.494917
10,1752,4033,0.434416
11,1731,4033,0.429209
12,1435,4033,0.355815
13,1419,4033,0.351847
14,1234,4033,0.305976
15,1214,4033,0.301017
16,1043,4033,0.258616
17,1036,4033,0.256881
18,857,4033,0.212497
19,844,4033,0.209273
