avg_total_ltv,avg_pct_ltv_7day,avg_pct_ltv_30day
112.548431,9.3796429802790000,24.7587962595120000
