year,sales_before,sales_after,percent_change
2018,2.119669585E9,2.129242914E9,0.45
2019,2.257925201E9,2.25232639E9,-0.25
2020,2.345878357E9,2.334905223E9,-0.47
