month,total_max_30d_avg_sum
2020-02,290091.1666666665
2020-03,337746.3666666666
2020-04,316177.5666666669
