prod_id,total_sales,share_q4_2019_pct,share_q4_2020_pct,share_change_pp
37,54395.21999999984,3.10830720190638,2.506468933011134,0.6018382688952459
