prod_id,prod_name,share_q4_2019,share_q4_2020,share_change
28,English Willow Cricket Bat,0.009944944176339983,0.03544821461745003,0.025503270441110046
130,Pro Maple Youth Bat,0.03509765475315156,0.025552768706100373,-0.009544886047051188
14,Pitching Machine and Batting Cage Combo,0.09521898126402445,0.0779688475393943,-0.01725013372463015
21,Speed Trainer Bats and Training Program,0.09026325948918516,0.05155203462607146,-0.0387112248631137
