prod_name,share_2019,share_2020,share_change
English Willow Cricket Bat,0.009944944176339912,0.03544821461745029,0.02550327044111038
Pro Maple Youth Bat,0.035097654753151325,0.02555276870610058,-0.009544886047050744
Pitching Machine and Batting Cage Combo,0.09521898126402374,0.07796884753939488,-0.017250133724628858
Speed Trainer Bats and Training Program,0.09026325948918451,0.05155203462607184,-0.038711224863112674
