avg_first_missed_round,avg_last_missed_round
6.9714285714285715,7.285714285714286
