category,min_duration_minutes,max_duration_minutes,total_revenue
long,47.7261833,88.1158833,41.79
medium,3.2892500,47.0861000,1817.55
short,0.0178500,3.2888000,469.26
