prod_id,total_both_qtrs,share_q4_2019_pct,share_q4_2020_pct,abs_share_change_pp,sales_rank
37,54395.21999999984,3.108307201906379,2.5064689330111363,0.6018382688952428,10
