prod_id,prod_name,share_q4_2019,share_q4_2020,share_change_pp
130,Pro Maple Youth Bat,0.03509765475315132,0.02555276870610056,-0.9544886047050758
