country_name,country_batting_average
England,16.709258337481334
West Indies,16.226944965637966
Netherlands,15.523809523809524
Australia,14.87828169193197
South Africa,14.481648545887992
